{
  "count": 65,
  "seconds": {
    "mean": 5.789076923076923,
    "median": 5.645,
    "stdev": 0.7892247047675236,
    "min": 4.904,
    "max": 11.303
  },
  "glb_bytes": {
    "mean": 455343.56923076924,
    "median": 447772.0,
    "stdev": 26585.877643243948,
    "min": 424484.0,
    "max": 539972.0
  },
  "vertex_count": {
    "mean": 10000.0,
    "median": 10000.0,
    "stdev": 0.0,
    "min": 10000.0,
    "max": 10000.0
  }
}