{
  "count": 60,
  "seconds": {
    "mean": 5.78875,
    "median": 5.648999999999999,
    "stdev": 0.7932379604282733,
    "min": 4.944,
    "max": 11.303
  },
  "glb_bytes": {
    "mean": 455768.13333333336,
    "median": 449474.0,
    "stdev": 26626.36656250537,
    "min": 424484.0,
    "max": 539972.0
  },
  "vertex_count": {
    "mean": 10000.0,
    "median": 10000.0,
    "stdev": 0.0,
    "min": 10000.0,
    "max": 10000.0
  }
}